"Date of data","Commodity code","Commodity","Trading partner code","Trading partner","Customs Regime code","Customs Regime","Locations of importers and exporters code","Locations of importers and exporters","Quantity","Unit","Supplementary Quantity","Supplementary Unit","US dollar",
"202605","44011100","Coniferous fuel wood£¬in logs/billetstwigs/faggots/similar forms","141","Viet Nam","10","Ordinary Trade","35","Fujian Province","1093","Kilogram","0","?","1,096",
"202605","44011200","Non-coniferous fuel wood£¬in logs/billetstwigs/faggots/similar forms","111","India","10","Ordinary Trade","35","Fujian Province","12970","Kilogram","0","?","71,594",
"202605","44011200","Non-coniferous fuel wood£¬in logs/billetstwigs/faggots/similar forms","112","Indonesia","10","Ordinary Trade","11","Beijing","9621","Kilogram","0","?","13,510",
"202605","44011200","Non-coniferous fuel wood£¬in logs/billetstwigs/faggots/similar forms","112","Indonesia","10","Ordinary Trade","32","Jiangsu Province","10000","Kilogram","0","?","14,042",
"202605","44011200","Non-coniferous fuel wood£¬in logs/billetstwigs/faggots/similar forms","112","Indonesia","10","Ordinary Trade","35","Fujian Province","50564","Kilogram","0","?","42,912",
"202605","44011200","Non-coniferous fuel wood£¬in logs/billetstwigs/faggots/similar forms","112","Indonesia","10","Ordinary Trade","42","Hubei Province","24138","Kilogram","0","?","10,895",
"202605","44011200","Non-coniferous fuel wood£¬in logs/billetstwigs/faggots/similar forms","112","Indonesia","10","Ordinary Trade","44","Guangdong Province","11176","Kilogram","0","?","64,697",
"202605","44011200","Non-coniferous fuel wood£¬in logs/billetstwigs/faggots/similar forms","122","Malaysia","10","Ordinary Trade","44","Guangdong Province","62","Kilogram","0","?","7,670",
"202605","44011200","Non-coniferous fuel wood£¬in logs/billetstwigs/faggots/similar forms","141","Viet Nam","10","Ordinary Trade","44","Guangdong Province","28000","Kilogram","0","?","9,020",
"202605","44011200","Non-coniferous fuel wood£¬in logs/billetstwigs/faggots/similar forms","141","Viet Nam","19","Border Trade","53","Yunnan Province","45500","Kilogram","0","?","11,587",
"202605","44011200","Non-coniferous fuel wood£¬in logs/billetstwigs/faggots/similar forms","143","Taiwan£¬China","10","Ordinary Trade","35","Fujian Province","23","Kilogram","0","?","113",
"202605","44011200","Non-coniferous fuel wood£¬in logs/billetstwigs/faggots/similar forms","601","Australia","10","Ordinary Trade","35","Fujian Province","1354","Kilogram","0","?","23,758",
"202605","44012100","Coniferous wood in chips or particles","141","Viet Nam","10","Ordinary Trade","35","Fujian Province","22199910","Kilogram","0","?","4,284,583",
"202605","44012100","Coniferous wood in chips or particles","141","Viet Nam","10","Ordinary Trade","37","Shandong Province","17181170","Kilogram","0","?","3,195,698",
"202605","44012100","Coniferous wood in chips or particles","344","Russia","10","Ordinary Trade","15","Inner Mongolia Autonomous Region","532800","Kilogram","0","?","39,240",
"202605","44012100","Coniferous wood in chips or particles","344","Russia","10","Ordinary Trade","32","Jiangsu Province","4313290","Kilogram","0","?","331,571",
"202605","44012100","Coniferous wood in chips or particles","344","Russia","10","Ordinary Trade","35","Fujian Province","3955180","Kilogram","0","?","289,672",
"202605","44012100","Coniferous wood in chips or particles","344","Russia","10","Ordinary Trade","37","Shandong Province","11439400","Kilogram","0","?","980,847",
"202605","44012100","Coniferous wood in chips or particles","344","Russia","19","Border Trade","15","Inner Mongolia Autonomous Region","225000","Kilogram","0","?","24,541",
"202605","44012100","Coniferous wood in chips or particles","344","Russia","19","Border Trade","23","Heilongjiang Province","188160","Kilogram","0","?","8,369",
"202605","44012100","Coniferous wood in chips or particles","601","Australia","10","Ordinary Trade","37","Shandong Province","20","Kilogram","0","?","336",
"202605","44012200","Non-coniferous wood in chips or particles","136","Thailand","15","Processing with Imported Materials","32","Jiangsu Province","25979160","Kilogram","0","?","5,118,934",
"202605","44012200","Non-coniferous wood in chips or particles","141","Viet Nam","10","Ordinary Trade","32","Jiangsu Province","15241760","Kilogram","0","?","3,378,534",
"202605","44012200","Non-coniferous wood in chips or particles","141","Viet Nam","10","Ordinary Trade","35","Fujian Province","243403950","Kilogram","0","?","47,275,429",
"202605","44012200","Non-coniferous wood in chips or particles","141","Viet Nam","10","Ordinary Trade","37","Shandong Province","121940790","Kilogram","0","?","26,141,733",
"202605","44012200","Non-coniferous wood in chips or particles","141","Viet Nam","10","Ordinary Trade","42","Hubei Province","21035290","Kilogram","0","?","3,906,756",
"202605","44012200","Non-coniferous wood in chips or particles","141","Viet Nam","10","Ordinary Trade","45","Guangxi Zhuang Autonomous Region","5276870","Kilogram","0","?","1,064,778",
"202605","44012200","Non-coniferous wood in chips or particles","141","Viet Nam","10","Ordinary Trade","46","Hainan Province","114705490","Kilogram","0","?","25,108,823",
"202605","44012200","Non-coniferous wood in chips or particles","141","Viet Nam","14","Processing and Assembling","32","Jiangsu Province","9330560","Kilogram","0","?","2,058,881",
"202605","44012200","Non-coniferous wood in chips or particles","141","Viet Nam","14","Processing and Assembling","33","Zhejiang Province","21155490","Kilogram","0","?","4,831,322",
"202605","44012200","Non-coniferous wood in chips or particles","141","Viet Nam","14","Processing and Assembling","35","Fujian Province","41191150","Kilogram","0","?","8,048,339",
"202605","44012200","Non-coniferous wood in chips or particles","141","Viet Nam","14","Processing and Assembling","37","Shandong Province","211322070","Kilogram","0","?","45,910,558",
"202605","44012200","Non-coniferous wood in chips or particles","141","Viet Nam","14","Processing and Assembling","42","Hubei Province","19898520","Kilogram","0","?","3,661,694",
"202605","44012200","Non-coniferous wood in chips or particles","141","Viet Nam","14","Processing and Assembling","45","Guangxi Zhuang Autonomous Region","85802140","Kilogram","0","?","16,815,729",
"202605","44012200","Non-coniferous wood in chips or particles","141","Viet Nam","14","Processing and Assembling","46","Hainan Province","43999790","Kilogram","0","?","9,935,846",
"202605","44012200","Non-coniferous wood in chips or particles","141","Viet Nam","19","Border Trade","46","Hainan Province","2868400","Kilogram","0","?","609,469",
"202605","44012200","Non-coniferous wood in chips or particles","141","Viet Nam","39","Other","37","Shandong Province","25","Kilogram","0","?","25",
"202605","44012200","Non-coniferous wood in chips or particles","244","South Africa","10","Ordinary Trade","37","Shandong Province","31002240","Kilogram","0","?","6,659,923",
"202605","44012200","Non-coniferous wood in chips or particles","305","France","10","Ordinary Trade","12","Tianjin","7560","Kilogram","0","?","40,537",
"202605","44012200","Non-coniferous wood in chips or particles","311","Portugal","10","Ordinary Trade","31","Shanghai Province","0","Kilogram","0","?","42",
"202605","44012200","Non-coniferous wood in chips or particles","410","Brazil","10","Ordinary Trade","46","Hainan Province","36523702","Kilogram","0","?","10,083,581",
"202605","44012200","Non-coniferous wood in chips or particles","412","Chile","10","Ordinary Trade","46","Hainan Province","31717470","Kilogram","0","?","8,058,666",
"202605","44012200","Non-coniferous wood in chips or particles","412","Chile","14","Processing and Assembling","45","Guangxi Zhuang Autonomous Region","32883850","Kilogram","0","?","7,136,509",
"202605","44012200","Non-coniferous wood in chips or particles","502","United States","10","Ordinary Trade","34","Anhui Province","0","Kilogram","0","?","46",
"202605","44012200","Non-coniferous wood in chips or particles","601","Australia","10","Ordinary Trade","37","Shandong Province","25498200","Kilogram","0","?","6,264,197",
"202605","44012200","Non-coniferous wood in chips or particles","601","Australia","10","Ordinary Trade","46","Hainan Province","34670160","Kilogram","0","?","8,843,556",
"202605","44012200","Non-coniferous wood in chips or particles","601","Australia","14","Processing and Assembling","37","Shandong Province","26188300","Kilogram","0","?","5,118,241",
"202605","44012200","Non-coniferous wood in chips or particles","601","Australia","14","Processing and Assembling","46","Hainan Province","12646680","Kilogram","0","?","3,348,135",
"202605","44012200","Non-coniferous wood in chips or particles","601","Australia","15","Processing with Imported Materials","32","Jiangsu Province","25967240","Kilogram","0","?","6,351,587",
"202606","44011200","Non-coniferous fuel wood£¬in logs/billetstwigs/faggots/similar forms","112","Indonesia","10","Ordinary Trade","37","Shandong Province","25150","Kilogram","0","?","8,829",
"202606","44011200","Non-coniferous fuel wood£¬in logs/billetstwigs/faggots/similar forms","112","Indonesia","10","Ordinary Trade","42","Hubei Province","27900","Kilogram","0","?","12,593",
"202606","44011200","Non-coniferous fuel wood£¬in logs/billetstwigs/faggots/similar forms","112","Indonesia","10","Ordinary Trade","44","Guangdong Province","27300","Kilogram","0","?","9,555",
"202606","44011200","Non-coniferous fuel wood£¬in logs/billetstwigs/faggots/similar forms","136","Thailand","10","Ordinary Trade","44","Guangdong Province","14206","Kilogram","0","?","171,297",
"202606","44011200","Non-coniferous fuel wood£¬in logs/billetstwigs/faggots/similar forms","141","Viet Nam","10","Ordinary Trade","44","Guangdong Province","111860","Kilogram","0","?","34,590",
"202606","44011200","Non-coniferous fuel wood£¬in logs/billetstwigs/faggots/similar forms","601","Australia","10","Ordinary Trade","44","Guangdong Province","39315","Kilogram","0","?","333,071",
"202606","44012100","Coniferous wood in chips or particles","141","Viet Nam","10","Ordinary Trade","35","Fujian Province","14088560","Kilogram","0","?","2,725,862",
"202606","44012100","Coniferous wood in chips or particles","304","Germany","10","Ordinary Trade","12","Tianjin","75600","Kilogram","0","?","58,018",
"202606","44012100","Coniferous wood in chips or particles","304","Germany","10","Ordinary Trade","31","Shanghai Province","74700","Kilogram","0","?","58,252",
"202606","44012100","Coniferous wood in chips or particles","344","Russia","10","Ordinary Trade","32","Jiangsu Province","1999710","Kilogram","0","?","162,563",
"202606","44012100","Coniferous wood in chips or particles","344","Russia","19","Border Trade","15","Inner Mongolia Autonomous Region","901550","Kilogram","0","?","103,724",
"202606","44012100","Coniferous wood in chips or particles","344","Russia","19","Border Trade","23","Heilongjiang Province","221880","Kilogram","0","?","10,159",
"202606","44012100","Coniferous wood in chips or particles","412","Chile","10","Ordinary Trade","46","Hainan Province","30","Kilogram","0","?","652",
"202606","44012100","Coniferous wood in chips or particles","502","United States","10","Ordinary Trade","12","Tianjin","7","Kilogram","0","?","231",
"202606","44012100","Coniferous wood in chips or particles","609","New Zealand","10","Ordinary Trade","46","Hainan Province","8","Kilogram","0","?","730",
"202606","44012200","Non-coniferous wood in chips or particles","112","Indonesia","39","Other","31","Shanghai Province","20","Kilogram","0","?","435",
"202606","44012200","Non-coniferous wood in chips or particles","112","Indonesia","39","Other","41","Henan Province","4035","Kilogram","0","?","1,211",
"202606","44012200","Non-coniferous wood in chips or particles","136","Thailand","10","Ordinary Trade","35","Fujian Province","24099270","Kilogram","0","?","4,621,235",
"202606","44012200","Non-coniferous wood in chips or particles","136","Thailand","15","Processing with Imported Materials","32","Jiangsu Province","22870730","Kilogram","0","?","4,506,449",
"202606","44012200","Non-coniferous wood in chips or particles","141","Viet Nam","10","Ordinary Trade","32","Jiangsu Province","14587620","Kilogram","0","?","3,233,536",
"202606","44012200","Non-coniferous wood in chips or particles","141","Viet Nam","10","Ordinary Trade","35","Fujian Province","215123030","Kilogram","0","?","41,244,590",
"202606","44012200","Non-coniferous wood in chips or particles","141","Viet Nam","10","Ordinary Trade","37","Shandong Province","147762330","Kilogram","0","?","31,967,896",
"202606","44012200","Non-coniferous wood in chips or particles","141","Viet Nam","10","Ordinary Trade","42","Hubei Province","9373630","Kilogram","0","?","1,760,057",
"202606","44012200","Non-coniferous wood in chips or particles","141","Viet Nam","10","Ordinary Trade","45","Guangxi Zhuang Autonomous Region","17140","Kilogram","0","?","37,711",
"202606","44012200","Non-coniferous wood in chips or particles","141","Viet Nam","10","Ordinary Trade","46","Hainan Province","82450110","Kilogram","0","?","18,064,101",
"202606","44012200","Non-coniferous wood in chips or particles","141","Viet Nam","14","Processing and Assembling","32","Jiangsu Province","31181290","Kilogram","0","?","7,017,698",
"202606","44012200","Non-coniferous wood in chips or particles","141","Viet Nam","14","Processing and Assembling","33","Zhejiang Province","19905810","Kilogram","0","?","4,473,221",
"202606","44012200","Non-coniferous wood in chips or particles","141","Viet Nam","14","Processing and Assembling","35","Fujian Province","63638830","Kilogram","0","?","12,265,437",
"202606","44012200","Non-coniferous wood in chips or particles","141","Viet Nam","14","Processing and Assembling","37","Shandong Province","180663470","Kilogram","0","?","38,650,797",
"202606","44012200","Non-coniferous wood in chips or particles","141","Viet Nam","14","Processing and Assembling","45","Guangxi Zhuang Autonomous Region","32555750","Kilogram","0","?","6,173,058",
"202606","44012200","Non-coniferous wood in chips or particles","141","Viet Nam","14","Processing and Assembling","46","Hainan Province","44649570","Kilogram","0","?","10,201,640",
"202606","44012200","Non-coniferous wood in chips or particles","141","Viet Nam","15","Processing with Imported Materials","32","Jiangsu Province","19334900","Kilogram","0","?","3,998,844",
"202606","44012200","Non-coniferous wood in chips or particles","141","Viet Nam","19","Border Trade","46","Hainan Province","36029360","Kilogram","0","?","7,796,085",
"202606","44012200","Non-coniferous wood in chips or particles","304","Germany","10","Ordinary Trade","31","Shanghai Province","20526","Kilogram","0","?","14,025",
"202606","44012200","Non-coniferous wood in chips or particles","305","France","10","Ordinary Trade","12","Tianjin","6561","Kilogram","0","?","54,059",
"202606","44012200","Non-coniferous wood in chips or particles","305","France","10","Ordinary Trade","31","Shanghai Province","8500","Kilogram","0","?","29,057",
"202606","44012200","Non-coniferous wood in chips or particles","305","France","10","Ordinary Trade","37","Shandong Province","3480","Kilogram","0","?","25,242",
"202606","44012200","Non-coniferous wood in chips or particles","316","Bulgaria","10","Ordinary Trade","33","Zhejiang Province","20000","Kilogram","0","?","60,378",
"202606","44012200","Non-coniferous wood in chips or particles","412","Chile","10","Ordinary Trade","46","Hainan Province","20","Kilogram","0","?","570",
"202606","44012200","Non-coniferous wood in chips or particles","444","Uruguay","10","Ordinary Trade","46","Hainan Province","35670510","Kilogram","0","?","10,204,842",
"202606","44012200","Non-coniferous wood in chips or particles","444","Uruguay","39","Other","32","Jiangsu Province","8","Kilogram","0","?","666",
"202606","44012200","Non-coniferous wood in chips or particles","502","United States","10","Ordinary Trade","31","Shanghai Province","575","Kilogram","0","?","6,750",
"202606","44012200","Non-coniferous wood in chips or particles","601","Australia","10","Ordinary Trade","35","Fujian Province","21901490","Kilogram","0","?","4,958,937",
"202606","44012200","Non-coniferous wood in chips or particles","601","Australia","10","Ordinary Trade","37","Shandong Province","84634610","Kilogram","0","?","20,566,361",
"202606","44012200","Non-coniferous wood in chips or particles","601","Australia","10","Ordinary Trade","45","Guangxi Zhuang Autonomous Region","15","Kilogram","0","?","15",
"202606","44012200","Non-coniferous wood in chips or particles","601","Australia","10","Ordinary Trade","46","Hainan Province","10425870","Kilogram","0","?","2,607,253",
"202606","44012200","Non-coniferous wood in chips or particles","601","Australia","14","Processing and Assembling","46","Hainan Province","14329020","Kilogram","0","?","3,788,331",
"202606","44012200","Non-coniferous wood in chips or particles","601","Australia","15","Processing with Imported Materials","32","Jiangsu Province","56757450","Kilogram","0","?","13,882,872",
"202606","44012200","Non-coniferous wood in chips or particles","609","New Zealand","10","Ordinary Trade","46","Hainan Province","20704870","Kilogram","0","?","5,337,115",
